,001.csv,002.csv,003.csv,004.csv,005.csv
img/000000000139.jpg,KiraKira,Notes,KiraKira,Zoom_out,Notes
img/000000000285.jpg,Heart,Zoom_in,Zoom_out,Central_line,Notes
img/000000000632.jpg,Notes,Rain,KiraKira,Rain,Change_contrast
img/000000000724.jpg,Central_line,Thunder,Zoom_in,Zoom_in,Central_line
img/000000000776.jpg,Notes,Heart,Change_contrast,Heart,Heart
img/000000000785.jpg,Heart,Rain,Change_contrast,Comicalize,Notes
img/000000000802.jpg,KiraKira,Central_line,Blur,KiraKira,Zoom_in
img/000000000872.jpg,Zoom_in,Lens_flare,Lens_flare,Fire,Fire
img/000000000885.jpg,Fire,Lens_flare,Fire,Fire,Fire
img/000000001000.jpg,KiraKira,KiraKira,KiraKira,Heart,KiraKira
img/000000001268.jpg,Zoom_out,Rain,KiraKira,Thunder,KiraKira
img/000000001296.jpg,Central_line,Comicalize,Fire,Comicalize,Comicalize
img/000000001353.jpg,Notes,Zoom_in,KiraKira,KiraKira,Heart
img/000000001425.jpg,KiraKira,KiraKira,Zoom_in,Notes,Notes
img/000000001490.jpg,Rain,Rain,Rain,Central_line,Rain
img/000000001503.jpg,Central_line,Thunder,Zoom_in,Change_contrast,Thunder
img/000000001532.jpg,Comicalize,Lens_flare,KiraKira,Comicalize,Zoom_in
img/000000001584.jpg,Thunder,Comicalize,Change_contrast,Comicalize,Notes
img/000000001675.jpg,Zoom_out,Heart,Thunder,Notes,Notes
img/000000001761.jpg,Comicalize,Zoom_out,Change_contrast,KiraKira,KiraKira
img/000000001818.jpg,Zoom_out,Central_line,Heart,Heart,Blur
img/000000001993.jpg,KiraKira,Zoom_out,Zoom_in,Notes,Notes
img/000000002006.jpg,Zoom_in,Change_contrast,Central_line,Comicalize,Notes
img/000000002149.jpg,Change_contrast,KiraKira,Change_contrast,Zoom_in,Heart
img/000000002153.jpg,Zoom_out,Fire,Fire,Central_line,Fire
img/000000002157.jpg,KiraKira,KiraKira,Heart,Notes,Central_line
img/000000002261.jpg,Rain,Rain,Change_contrast,Rain,Rain
img/000000002299.jpg,Zoom_in,Zoom_in,Notes,Central_line,Blur
img/000000002431.jpg,Change_contrast,KiraKira,Change_contrast,Zoom_in,Blur
img/000000002473.jpg,Central_line,Change_contrast,Central_line,Rain,Central_line
img/000000002532.jpg,Lens_flare,Blur,Lens_flare,Zoom_out,Change_contrast
img/000000002587.jpg,Comicalize,Heart,Change_contrast,Notes,Blur
img/000000002592.jpg,Thunder,Blur,Fire,Change_contrast,Thunder
img/000000002685.jpg,Notes,Lens_flare,Change_contrast,Change_contrast,Notes
img/000000002923.jpg,Zoom_out,Thunder,Zoom_in,Lens_flare,Rain
img/000000003156.jpg,Notes,Zoom_out,Change_contrast,KiraKira,Blur
img/000000003255.jpg,Change_contrast,Zoom_in,Central_line,Zoom_in,Change_contrast
img/000000003501.jpg,Central_line,KiraKira,Heart,KiraKira,Central_line
img/000000003553.jpg,Rain,Fire,Change_contrast,Fire,Zoom_in
img/000000003661.jpg,Rain,Lens_flare,Change_contrast,Comicalize,Blur
img/000000003845.jpg,KiraKira,KiraKira,Fire,Zoom_in,Central_line
img/000000003934.jpg,Blur,Zoom_in,Zoom_in,Comicalize,Blur
img/000000004134.jpg,KiraKira,Central_line,Thunder,Fire,Comicalize
img/000000004395.jpg,Comicalize,KiraKira,Fire,Central_line,Central_line
img/000000004495.jpg,Blur,Comicalize,Change_contrast,KiraKira,Blur
img/000000004765.jpg,Fire,Lens_flare,Central_line,Fire,KiraKira
img/000000004795.jpg,Blur,Central_line,Notes,Heart,Thunder
img/000000005001.jpg,Heart,KiraKira,KiraKira,Notes,Heart
img/000000005037.jpg,Notes,Thunder,Zoom_in,KiraKira,Notes
img/000000005060.jpg,Central_line,Central_line,Zoom_in,Notes,Central_line
img/000000005193.jpg,Zoom_out,Heart,Change_contrast,Heart,Heart
img/000000005477.jpg,Change_contrast,Zoom_in,Zoom_in,Zoom_in,Thunder
img/000000005503.jpg,Central_line,Blur,Central_line,Lens_flare,Fire
img/000000005529.jpg,Zoom_in,Lens_flare,KiraKira,Central_line,KiraKira
img/000000005586.jpg,Fire,Lens_flare,Blur,Central_line,Fire
img/000000005600.jpg,KiraKira,KiraKira,Zoom_in,KiraKira,Central_line
img/000000005992.jpg,Heart,Notes,Blur,Central_line,Heart
img/000000006012.jpg,Thunder,Central_line,Zoom_in,Rain,Blur
img/000000006040.jpg,Zoom_out,Central_line,Blur,KiraKira,Notes
img/000000006213.jpg,Thunder,Rain,Change_contrast,Notes,KiraKira
img/000000006460.jpg,KiraKira,Thunder,Comicalize,Blur,Blur
img/000000006471.jpg,Fire,Central_line,Central_line,Thunder,Fire
img/000000006614.jpg,Change_contrast,KiraKira,Zoom_in,Rain,Blur
img/000000006723.jpg,Zoom_in,Lens_flare,Zoom_in,KiraKira,Notes
img/000000006763.jpg,Heart,Heart,Heart,Comicalize,Heart
img/000000006771.jpg,KiraKira,Central_line,Change_contrast,Heart,Comicalize
img/000000006818.jpg,Thunder,Zoom_out,Change_contrast,Zoom_out,Blur
img/000000006894.jpg,Zoom_out,Heart,Heart,Heart,Heart
img/000000006954.jpg,Notes,Heart,Notes,Fire,KiraKira
img/000000007088.jpg,Rain,Blur,Notes,Lens_flare,Rain
img/000000007108.jpg,Zoom_in,Zoom_in,Notes,Thunder,Central_line
img/000000007278.jpg,KiraKira,Lens_flare,Central_line,Central_line,Central_line
img/000000007281.jpg,KiraKira,Lens_flare,Notes,KiraKira,Notes
img/000000007386.jpg,Zoom_out,KiraKira,Change_contrast,Change_contrast,Central_line
img/000000007511.jpg,Zoom_out,Central_line,Fire,Heart,Lens_flare
img/000000007574.jpg,Thunder,Notes,Change_contrast,Notes,Blur
img/000000007784.jpg,Rain,Lens_flare,KiraKira,Change_contrast,Central_line
img/000000007795.jpg,Heart,Rain,KiraKira,Zoom_out,KiraKira
img/000000007816.jpg,Fire,Fire,Central_line,Heart,Central_line
img/000000007818.jpg,KiraKira,Fire,Zoom_out,Notes,Heart
img/000000007888.jpg,Rain,Rain,Change_contrast,Zoom_out,Central_line
img/000000007977.jpg,Blur,Lens_flare,Change_contrast,Zoom_out,Fire
img/000000007991.jpg,Central_line,Zoom_out,Notes,Thunder,Blur
img/000000008021.jpg,Central_line,Central_line,Zoom_out,Thunder,Central_line
img/000000008211.jpg,Zoom_in,Heart,Zoom_out,Fire,Zoom_in
img/000000008277.jpg,Blur,Heart,Notes,Thunder,Blur
img/000000008532.jpg,Zoom_in,KiraKira,KiraKira,Zoom_out,Comicalize
img/000000008629.jpg,Change_contrast,KiraKira,Zoom_in,Heart,Comicalize
img/000000008690.jpg,Heart,Heart,Notes,Zoom_in,Heart
img/000000008762.jpg,KiraKira,Rain,Thunder,Change_contrast,KiraKira
img/000000008844.jpg,Zoom_in,Fire,KiraKira,Zoom_in,Central_line
img/000000008899.jpg,Comicalize,Change_contrast,Change_contrast,KiraKira,Blur
img/000000009378.jpg,Central_line,Central_line,Fire,Heart,Fire
img/000000009400.jpg,Change_contrast,KiraKira,Change_contrast,Central_line,Blur
img/000000009448.jpg,Rain,Rain,Zoom_out,Blur,Rain
img/000000009483.jpg,KiraKira,KiraKira,Change_contrast,Heart,Thunder
img/000000009590.jpg,Notes,KiraKira,Comicalize,Central_line,Notes
img/000000009769.jpg,Zoom_in,Thunder,Change_contrast,Blur,Central_line
img/000000009772.jpg,Central_line,Rain,Zoom_out,Change_contrast,KiraKira
img/000000009891.jpg,Zoom_in,Central_line,Lens_flare,Zoom_out,Blur
img/000000009914.jpg,Zoom_in,KiraKira,Zoom_out,Heart,Zoom_in
img/000000010092.jpg,Heart,Rain,Lens_flare,Zoom_in,Blur
img/000000010363.jpg,Central_line,Central_line,Heart,Blur,Heart
img/000000010583.jpg,Zoom_in,KiraKira,Notes,Fire,Central_line
img/000000010707.jpg,Notes,KiraKira,Central_line,Lens_flare,Blur
img/000000010764.jpg,Fire,Central_line,Fire,Heart,Fire
img/000000010977.jpg,KiraKira,Rain,Zoom_out,Blur,KiraKira
img/000000010995.jpg,Lens_flare,Rain,Zoom_in,Lens_flare,Blur
img/000000011051.jpg,Heart,Heart,Heart,Notes,Heart
img/000000011122.jpg,Zoom_in,Zoom_out,Blur,Comicalize,Zoom_in
img/000000011149.jpg,Blur,Fire,Change_contrast,KiraKira,Blur
img/000000011197.jpg,Zoom_in,Central_line,Zoom_in,Fire,Blur
img/000000011511.jpg,Heart,KiraKira,Lens_flare,Lens_flare,Central_line
img/00000434h1_l.jpg,KiraKira,Change_contrast,KiraKira,KiraKira,KiraKira
img/00002515h1_l.jpg,Rain,Central_line,Rain,Lens_flare,Rain
img/001372acd73d12cb59c90b.jpg,Heart,Zoom_out,Zoom_in,Lens_flare,Change_contrast
img/02301_2800057_01.jpg,Zoom_out,Lens_flare,Central_line,Lens_flare,Change_contrast
img/06a6cbce21d15e7518a0bd71dd48ebd0_m.jpg,Lens_flare,Rain,Rain,Lens_flare,Lens_flare
img/0c66c9b4f6affa16913661a3b350e035_s.jpg,Heart,Heart,KiraKira,KiraKira,Heart
img/0d8d2d3304894f4ab490ef69bfd6668e4bc1e930_p.jpeg,KiraKira,KiraKira,Zoom_in,Notes,Change_contrast
img/1.JPG,Heart,Lens_flare,KiraKira,KiraKira,Change_contrast
img/10000001676901_6ZSwKrn6_4.jpg,KiraKira,KiraKira,Fire,Notes,Central_line
img/10000048.jpg,Zoom_out,Lens_flare,Zoom_out,Thunder,Lens_flare
img/107056121_org.v1561546912.jpg,Notes,KiraKira,KiraKira,Blur,Blur
img/1086992_615.jpg,Zoom_out,Comicalize,Zoom_in,Zoom_in,Zoom_in
img/1100bdd5977b47e04459bd5b08b8c7cc.jpg,Heart,Heart,Comicalize,Heart,Heart
img/11023020126.jpg,Fire,Fire,Fire,Fire,Fire
img/11375333_389078614619860_233558032_n.jpg,Notes,KiraKira,KiraKira,Thunder,Heart
img/127923.jpeg,Zoom_in,Rain,Zoom_in,Central_line,Zoom_in
img/13786371.jpg,Central_line,Rain,Central_line,Central_line,Central_line
img/1473234117_1.jpg,Heart,Heart,KiraKira,Zoom_out,Rain
img/15010532674_9ce46efec5_k.jpg,KiraKira,Change_contrast,Zoom_in,Lens_flare,Change_contrast
img/15555900491451_768x1024.jpg,Zoom_out,Rain,Zoom_out,Fire,Rain
img/160920_1353_02.jpg,Rain,KiraKira,KiraKira,Blur,Heart
img/1703_kansai_eria6_-2-670x443.jpg,Rain,Rain,Rain,Notes,Rain
img/18.jpg,Lens_flare,KiraKira,Fire,Notes,Fire
img/1902121_yamashina01.jpg,Rain,Change_contrast,Fire,Zoom_in,Change_contrast
img/1c3b04ed554c4b7ace0f0dc95a64b206.jpg,Zoom_in,KiraKira,Zoom_in,Thunder,Zoom_out
img/1d9d6aca9d427011379e01b76c9566ff35a728b4.jpeg,Zoom_out,Thunder,Zoom_in,Notes,Lens_flare
img/20150916205346.jpg,Heart,KiraKira,KiraKira,Central_line,Heart
img/20160608_miyazaki1-650x433.jpg,Fire,Fire,Fire,Rain,Fire
img/20160824133154.jpg,KiraKira,KiraKira,Notes,Lens_flare,Lens_flare
img/2018021800004_1.jpg,Zoom_out,KiraKira,Zoom_in,Lens_flare,KiraKira
img/20180729_154408.jpg,KiraKira,Comicalize,Zoom_in,Lens_flare,Central_line
img/20181115162909.jpg,Zoom_out,Comicalize,Change_contrast,Central_line,Central_line
img/20181210191956.png,Change_contrast,Rain,Zoom_in,Central_line,Change_contrast
img/2019040349747_s.jpg,KiraKira,Change_contrast,KiraKira,Lens_flare,Change_contrast
img/225px-Donald_Bradman_australian_cricket_player_pic.JPG,Zoom_in,KiraKira,Fire,Fire,Blur
img/298e7220.jpg,Zoom_in,Central_line,Central_line,KiraKira,Fire
img/30710177_1517314858377878_6896155646878547968_n.jpg,Comicalize,Heart,Notes,Comicalize,Central_line
img/30861_main.jpg,Zoom_out,Change_contrast,KiraKira,Central_line,KiraKira
img/3388305627_c39ae3df14.jpg,Notes,Notes,Notes,Lens_flare,Blur
img/3662295869_aab8115333.jpg,Notes,Notes,Change_contrast,Change_contrast,KiraKira
img/3adc2bc1239d0b61f7bdc20059dfb1b1_l.jpg,KiraKira,Change_contrast,Zoom_in,Thunder,KiraKira
img/3bebc72b9766495a0045babf3fadec51.jpg,Lens_flare,Lens_flare,KiraKira,Lens_flare,Lens_flare
img/3cd25e093aba78a26c86985ccb61e1e8_t.jpeg,Heart,KiraKira,Notes,Zoom_in,Notes
img/3f233780d346ff270a5de4cd15944532.jpg,KiraKira,Lens_flare,Zoom_in,Thunder,Central_line
img/4b2c48b3.png,Change_contrast,Lens_flare,Zoom_in,Central_line,Central_line
img/5186265o-1024x683.jpg,KiraKira,KiraKira,KiraKira,Thunder,Notes
img/51901317_624.jpg,Zoom_out,Change_contrast,KiraKira,Notes,Blur
img/56508853_786047691759597_309582501581849591_n.jpg,Change_contrast,Change_contrast,Notes,Zoom_in,Change_contrast
img/5b2785ab44efeada98fd78c7245edf18_t.jpeg,Zoom_out,Zoom_out,Zoom_in,Notes,Notes
img/5c6392512500004a0480581e.jpeg,Notes,Zoom_out,Heart,Notes,Heart
img/610cb83fae5bdaa35da0f2b0dc7e68d7_t.jpeg,Fire,Fire,Central_line,Fire,Central_line
img/6157922123_98600723e1_b-830x460.jpg,Zoom_in,Lens_flare,Zoom_in,Central_line,Central_line
img/62595266_124590812097470_2666221562922077568_n.jpg,Lens_flare,Comicalize,Zoom_out,Comicalize,Lens_flare
img/6BD88BF4387B462D896CF179DA6D10F4_L.jpg,Zoom_out,Lens_flare,Rain,Comicalize,Change_contrast
img/79bc1dd2d6f87ec921fbe7fd2f69bcc5.jpg,Notes,Zoom_in,Notes,Rain,Thunder
img/7eab653ef4111d270b2049fef38c43bf_t.jpeg,Comicalize,Lens_flare,Blur,Zoom_in,Change_contrast
img/8329ceba.jpg,Change_contrast,Change_contrast,Rain,Central_line,KiraKira
img/85ebe579.jpeg,Zoom_in,Lens_flare,Change_contrast,Notes,Central_line
img/888942dd95e4c20f467ce253039349d62f7237b7.jpg,Change_contrast,Change_contrast,Zoom_in,Fire,Change_contrast
img/911b31ad7608ed8e71dd3e5e0fa23224_l.jpg,KiraKira,Change_contrast,Zoom_in,Comicalize,KiraKira
img/91ab9113c80d4f69e854e6f3cddc9ed6.jpg,Notes,Heart,Heart,Heart,Heart
img/971598be88e781140923eb24e7c351b1_t.jpeg,Zoom_out,Zoom_out,Zoom_in,Lens_flare,Zoom_in
img/98613f4b2fbe8bb622eff96fd781b33e.jpg,Zoom_out,Change_contrast,KiraKira,Zoom_in,KiraKira
img/99bdd650de18e10702501d9608d5be60.jpg,Zoom_out,Change_contrast,Zoom_out,KiraKira,Change_contrast
img/9ce3a893f9429c269505c945d6c38208-640x410.jpg,Zoom_out,Zoom_out,Zoom_in,KiraKira,Change_contrast
img/adpDSC_5858-750x500.jpg,Fire,Zoom_out,Blur,Fire,Zoom_in
img/aec57168-0559-4d63-97db-6195c0b3080a.jpg,Lens_flare,Change_contrast,Zoom_in,Fire,Lens_flare
img/af928fdf54dcbad900827f71b27f4f66-750x499.jpg,Fire,Zoom_out,Blur,KiraKira,Change_contrast
img/AKANE20160312422213_TP_V.jpg,Notes,Heart,Heart,KiraKira,KiraKira
img/alley_cat_800.png,Notes,Heart,Heart,KiraKira,Heart
img/an_tokai_01.jpg,Zoom_out,Change_contrast,Change_contrast,Notes,Central_line
img/article_art002665_2.jpg,Zoom_in,Comicalize,Zoom_in,Comicalize,Central_line
img/b15af_1541_169b29871fbfdddfc102e3d929e4d29a.jpg,Heart,Rain,Zoom_out,Blur,KiraKira
img/bfd82ea59270425f0de37d590c11e2f2-750x499.jpg,Fire,Lens_flare,Fire,Zoom_out,Blur
img/bigdining.jpg,Notes,KiraKira,KiraKira,Comicalize,Notes
img/c876b1b1278ff7c705ad9622e690fd6ac_26873791_190327_0001.jpg,KiraKira,KiraKira,KiraKira,Fire,KiraKira
img/campusphoto.jpg,Zoom_in,Zoom_in,Zoom_in,Thunder,Change_contrast
img/CF004342ee.jpg,KiraKira,Rain,Zoom_in,Fire,KiraKira
img/content_IMG_0140.jpg,Zoom_out,Change_contrast,Zoom_in,Central_line,Lens_flare
img/conv3376.jpg,Notes,Comicalize,Change_contrast,Change_contrast,Zoom_in
img/cricket-390198_960_720.jpg,Fire,Fire,Fire,Comicalize,Fire
img/dadafdgr.jpg,Blur,Blur,Zoom_in,Fire,Change_contrast
img/dajodsdaa.jpg,Fire,Fire,Fire,Comicalize,Fire
img/DGTlRNmU0AA3JDv.jpg,Notes,KiraKira,Central_line,Notes,Fire
img/djaoguyf.jpg,Notes,Zoom_out,Central_line,KiraKira,Blur
img/DSC04603.jpg,KiraKira,KiraKira,KiraKira,Change_contrast,Heart
img/DSC05508.jpg,KiraKira,KiraKira,Notes,Zoom_in,Central_line
img/DSC05512.jpg,KiraKira,Change_contrast,Notes,Blur,Notes
img/DSC05521.jpg,KiraKira,KiraKira,Notes,Central_line,Notes
img/DSC05602.jpg,KiraKira,Central_line,Zoom_out,Notes,Thunder
img/DSC05606.jpg,KiraKira,Central_line,Zoom_out,Zoom_in,Thunder
img/DSC05974 (1).jpg,Notes,KiraKira,Change_contrast,Notes,Central_line
img/DSC06001.jpg,KiraKira,Change_contrast,Zoom_in,Lens_flare,KiraKira
img/DSC06009.jpg,KiraKira,Change_contrast,KiraKira,Central_line,KiraKira
img/DSC06044.jpg,Zoom_in,KiraKira,KiraKira,Thunder,Notes
img/DSC06048.jpg,Rain,Rain,Rain,Zoom_out,Rain
img/DSC06111.jpg,Notes,KiraKira,Notes,Notes,Notes
img/DSC06112.jpg,Notes,KiraKira,Zoom_in,Heart,KiraKira
img/DSC06117.jpg,Change_contrast,KiraKira,KiraKira,Heart,Change_contrast
img/DSC06123.jpg,KiraKira,KiraKira,Change_contrast,Central_line,Notes
img/dsc07557.jpg,KiraKira,Change_contrast,KiraKira,KiraKira,KiraKira
img/DSC_0204.jpg,Notes,Lens_flare,Change_contrast,Change_contrast,Central_line
img/e7c6373459e1e0eae80fea773fbf0605.jpg,Fire,Zoom_out,Blur,KiraKira,Rain
img/EB42C104-DA24-474B-AA3F-0CA3FAEEDE07 (1).jpg,KiraKira,KiraKira,Notes,KiraKira,Central_line
img/eb4b74ac4074386dd08d4de7673c4153-750x499.jpg,Zoom_in,Lens_flare,Zoom_in,Lens_flare,Lens_flare
img/eeba1795a4f866bf39db8520884a7ac6_t.jpeg,Fire,Comicalize,Blur,Fire,Blur
img/ELFADSC08931_TP_V.jpg,Lens_flare,Rain,Zoom_in,Thunder,Lens_flare
img/eyecatch-b9f774ca67231ea1565a7834b57c21370558605e6a0f8ee7f272245c9d68e6e0.jpg,Heart,Change_contrast,Heart,Lens_flare,Heart
img/eyecatch.jpg,Rain,Heart,Heart,Rain,Rain
img/facebook.jpg,Rain,Rain,Blur,Zoom_out,Rain
img/fdjoasfgiu.jpg,Fire,KiraKira,Fire,Lens_flare,Fire
img/festival_sc.jpg,Notes,KiraKira,KiraKira,Blur,Blur
img/fjdaoifu.jpg,Central_line,Central_line,Central_line,Zoom_out,Central_line
img/fjgaosidfug.jpg,Blur,Heart,Heart,Thunder,Heart
img/floor1_2.jpg,Zoom_out,Rain,Change_contrast,Lens_flare,Rain
img/fodsugfd.jpg,Fire,Fire,Zoom_out,Zoom_in,Fire
img/gahag-0092726872.jpg,Change_contrast,Lens_flare,Rain,Lens_flare,Change_contrast
img/GettyImages-902372736-800x638.jpg,Fire,Fire,Central_line,Rain,Fire
img/go-3.jpg,Rain,Lens_flare,Rain,Change_contrast,Rain
img/image060_04.jpg,Lens_flare,Comicalize,Zoom_out,Fire,Lens_flare
img/images (1).jpg,Notes,Rain,KiraKira,Change_contrast,Lens_flare
img/images (10).jpg,Rain,Rain,Rain,Fire,Change_contrast
img/images (11).jpg,Rain,Rain,Rain,Zoom_out,Lens_flare
img/images (12).jpg,Rain,Comicalize,Rain,Rain,Lens_flare
img/images (13).jpg,KiraKira,Rain,Blur,Zoom_out,KiraKira
img/images (14).jpg,Change_contrast,Lens_flare,Zoom_in,Zoom_in,Lens_flare
img/images (15).jpg,Notes,Rain,Zoom_out,Fire,Change_contrast
img/images (16).jpg,KiraKira,Change_contrast,Zoom_in,Rain,KiraKira
img/images (17)(1).jpg,Zoom_out,Lens_flare,Rain,Heart,Lens_flare
img/images (17).jpg,Rain,Lens_flare,Rain,Central_line,Change_contrast
img/images (18).jpg,Thunder,KiraKira,KiraKira,Zoom_out,Zoom_in
img/images (19).jpg,Thunder,KiraKira,Zoom_in,Zoom_out,Thunder
img/images (2).jpg,Blur,Central_line,Blur,Zoom_in,Blur
img/images (20).jpg,KiraKira,Rain,Zoom_out,Lens_flare,Blur
img/images (21).jpg,Thunder,Central_line,Change_contrast,Fire,Thunder
img/images (22).jpg,Notes,KiraKira,Zoom_out,Zoom_in,Thunder
img/images (23).jpg,Notes,Central_line,Zoom_in,Heart,Zoom_in
img/images (24).jpg,KiraKira,Change_contrast,KiraKira,Rain,KiraKira
img/images (25).jpg,Lens_flare,Comicalize,Change_contrast,Heart,Central_line
img/images (26).jpg,Zoom_in,Central_line,Zoom_in,Heart,Change_contrast
img/images (27).jpg,Notes,Lens_flare,Change_contrast,Central_line,Blur
img/images (28).jpg,Central_line,Change_contrast,KiraKira,Rain,Central_line
img/images (29).jpg,KiraKira,Lens_flare,KiraKira,Rain,Change_contrast
img/images (3).jpg,Fire,KiraKira,Change_contrast,Notes,Lens_flare
img/images (30).jpg,Lens_flare,Change_contrast,Zoom_in,Zoom_in,Lens_flare
img/images (31).jpg,Zoom_out,KiraKira,Blur,Lens_flare,Blur
img/images (32).jpg,Zoom_in,Zoom_out,Zoom_in,KiraKira,Central_line
img/images (33).jpg,Notes,Central_line,Central_line,Zoom_out,Thunder
img/images (34).jpg,Comicalize,Comicalize,Zoom_in,Thunder,Zoom_in
img/images (35).jpg,Zoom_out,KiraKira,KiraKira,Zoom_out,KiraKira
img/images (36).jpg,Blur,Rain,Zoom_in,Comicalize,Blur
img/images (37).jpg,KiraKira,Lens_flare,Blur,Lens_flare,Fire
img/images (38).jpg,Zoom_in,Rain,Zoom_in,Fire,Rain
img/images (39).jpg,Zoom_in,Lens_flare,Zoom_out,Comicalize,Central_line
img/images (4).jpg,Notes,KiraKira,Notes,KiraKira,Notes
img/images (40).jpg,Zoom_out,Zoom_out,Notes,Zoom_in,Central_line
img/images (41).jpg,Lens_flare,KiraKira,Zoom_out,Comicalize,Zoom_in
img/images (42).jpg,Central_line,Heart,Notes,Change_contrast,Heart
img/images (43).jpg,Heart,Heart,Heart,Lens_flare,Heart
img/images (5).jpg,Lens_flare,Lens_flare,Zoom_in,Thunder,Lens_flare
img/images (6).jpg,Blur,Rain,Zoom_out,Zoom_in,Change_contrast
img/images (7).jpg,Change_contrast,Rain,Zoom_in,Blur,Zoom_in
img/images (8).jpg,KiraKira,Lens_flare,KiraKira,Fire,Change_contrast
img/images (9).jpg,Zoom_out,Change_contrast,KiraKira,Zoom_out,Zoom_in
img/images(1).jpg,Fire,Fire,Fire,KiraKira,Fire
img/images.jpg,Rain,KiraKira,KiraKira,Zoom_in,Change_contrast
img/images.png,Heart,KiraKira,Blur,Notes,Heart
img/imasia_12229011_M-768x511.jpg,Lens_flare,Zoom_in,Zoom_in,Zoom_out,Change_contrast
img/IMGP0569.jpg,Zoom_in,Central_line,Blur,Rain,Rain
img/IMG_0098.jpg,KiraKira,KiraKira,Notes,Notes,Central_line
img/IMG_0104.jpg,Zoom_in,KiraKira,Zoom_out,Change_contrast,Change_contrast
img/IMG_0105.jpg,Lens_flare,KiraKira,Zoom_in,Zoom_out,Change_contrast
img/img_031_01.jpg,Change_contrast,Change_contrast,Zoom_in,Zoom_in,Change_contrast
img/IMG_0566.JPG,Blur,KiraKira,Central_line,Zoom_in,Blur
img/IMG_0655.JPG,Blur,Comicalize,Central_line,Fire,Comicalize
img/IMG_0838.JPG,Zoom_in,Central_line,Fire,Thunder,Central_line
img/IMG_0839.JPG,KiraKira,Comicalize,Fire,Zoom_out,Fire
img/IMG_0844.JPG,Thunder,Fire,KiraKira,Rain,Fire
img/IMG_0847.JPG,Central_line,Fire,Central_line,Change_contrast,Fire
img/IMG_0849.JPG,Central_line,KiraKira,Zoom_in,Comicalize,Central_line
img/IMG_1163.jpg,KiraKira,KiraKira,KiraKira,Change_contrast,Notes
img/IMG_1164.jpg,KiraKira,KiraKira,Central_line,Change_contrast,Notes
img/IMG_1165.jpg,KiraKira,KiraKira,KiraKira,Central_line,Central_line
img/IMG_1172.jpg,Zoom_in,Change_contrast,Zoom_in,KiraKira,Change_contrast
img/IMG_1184.jpg,Zoom_in,KiraKira,Rain,Fire,Thunder
img/IMG_1185.jpg,KiraKira,KiraKira,KiraKira,Comicalize,Central_line
img/IMG_1186.jpg,KiraKira,KiraKira,Heart,Change_contrast,KiraKira
img/IMG_1506.jpg,Central_line,Zoom_out,KiraKira,Lens_flare,Fire
img/IMG_1555.jpg,Zoom_in,Thunder,Lens_flare,Blur,Zoom_in
img/IMG_1557.jpg,Zoom_out,Lens_flare,Zoom_in,Comicalize,Change_contrast
img/IMG_1559.jpg,Zoom_out,Lens_flare,Zoom_in,Change_contrast,Lens_flare
img/IMG_1652.jpg,KiraKira,Change_contrast,Central_line,KiraKira,Change_contrast
img/IMG_1654.jpg,KiraKira,Change_contrast,KiraKira,Change_contrast,Change_contrast
img/IMG_1655.jpg,Change_contrast,Change_contrast,KiraKira,Zoom_in,Change_contrast
img/IMG_1656.jpg,KiraKira,Change_contrast,KiraKira,Thunder,Change_contrast
img/IMG_1661.jpg,Lens_flare,Lens_flare,Zoom_out,Central_line,Lens_flare
img/IMG_1662.jpg,Lens_flare,Lens_flare,Change_contrast,Change_contrast,Lens_flare
img/IMG_1663.jpg,Zoom_in,Lens_flare,Zoom_in,Notes,Change_contrast
img/IMG_1664.jpg,Lens_flare,Rain,Zoom_out,Fire,Change_contrast
img/IMG_1672.jpg,Lens_flare,Comicalize,Change_contrast,Rain,Change_contrast
img/IMG_1674.jpg,KiraKira,Lens_flare,Lens_flare,Zoom_out,Blur
img/IMG_1688.jpg,Lens_flare,KiraKira,Zoom_in,Fire,Lens_flare
img/IMG_1689.jpg,Zoom_in,Lens_flare,Zoom_in,Zoom_in,Lens_flare
img/IMG_1692.jpg,Lens_flare,Lens_flare,Fire,Notes,Lens_flare
img/IMG_1696.jpg,Thunder,Rain,Zoom_in,Thunder,Lens_flare
img/IMG_1733.jpg,Thunder,KiraKira,Zoom_in,Central_line,Blur
img/IMG_1739.jpg,Thunder,Thunder,Zoom_out,Comicalize,Central_line
img/IMG_1740.jpg,Blur,KiraKira,KiraKira,Central_line,KiraKira
img/IMG_1766.jpg,Change_contrast,Rain,Zoom_out,Heart,KiraKira
img/IMG_1778.jpg,Zoom_out,Change_contrast,KiraKira,Change_contrast,Heart
img/IMG_1797.jpg,Zoom_in,KiraKira,KiraKira,Fire,Change_contrast
img/IMG_1798.jpg,Lens_flare,Comicalize,KiraKira,Central_line,Lens_flare
img/IMG_1799.jpg,Change_contrast,Change_contrast,KiraKira,Fire,Change_contrast
img/IMG_1800.jpg,Rain,Change_contrast,Change_contrast,Comicalize,Change_contrast
img/IMG_1801.jpg,Lens_flare,Rain,Zoom_in,Thunder,Change_contrast
img/IMG_1805.jpg,Lens_flare,Rain,Zoom_in,Rain,Change_contrast
img/IMG_1806.jpg,Lens_flare,Change_contrast,Zoom_in,Notes,Change_contrast
img/IMG_1807.jpg,Lens_flare,Rain,Lens_flare,KiraKira,Change_contrast
img/IMG_1811.jpg,Zoom_in,Rain,Zoom_in,Central_line,Zoom_in
img/IMG_1817.jpg,KiraKira,Change_contrast,Zoom_in,Thunder,Lens_flare
img/IMG_1818.jpg,Zoom_out,Change_contrast,Zoom_in,Zoom_in,Lens_flare
img/IMG_1819.jpg,Lens_flare,Change_contrast,Lens_flare,Notes,Lens_flare
img/IMG_1969.JPG,Zoom_in,Lens_flare,Zoom_in,KiraKira,Lens_flare
img/IMG_1976.JPG,Thunder,Change_contrast,Zoom_out,Zoom_in,KiraKira
img/IMG_1979.JPG,Thunder,Zoom_in,KiraKira,Lens_flare,KiraKira
img/IMG_20180805_153748319.jpg,Notes,KiraKira,KiraKira,Zoom_in,Fire
img/IMG_2142.JPG,Fire,Fire,Fire,Zoom_out,Fire
img/IMG_2143.JPG,Fire,Fire,Fire,Comicalize,Fire
img/IMG_2170.JPG,Heart,KiraKira,Change_contrast,Notes,KiraKira
img/IMG_2181.JPG,Fire,Zoom_out,Blur,Zoom_out,KiraKira
img/IMG_2182.JPG,KiraKira,Change_contrast,KiraKira,KiraKira,KiraKira
img/IMG_2183.JPG,KiraKira,Heart,Central_line,Central_line,KiraKira
img/IMG_2187.JPG,Central_line,Central_line,Thunder,Comicalize,Fire
img/IMG_2199.JPG,Central_line,Fire,Central_line,Rain,Fire
img/IMG_2200.JPG,Central_line,Heart,Rain,Heart,Fire
img/IMG_2245.JPG,Fire,Fire,Fire,Notes,Fire
img/IMG_2319.JPG,Central_line,Heart,KiraKira,KiraKira,Central_line
img/IMG_2355.JPG,KiraKira,KiraKira,Fire,Thunder,Notes
img/IMG_2356.JPG,Rain,KiraKira,Thunder,Rain,Central_line
img/IMG_2357.JPG,Zoom_out,Blur,Blur,Change_contrast,Zoom_in
img/IMG_2436.JPG,Zoom_out,Change_contrast,KiraKira,Thunder,Change_contrast
img/IMG_2463.JPG,Central_line,Central_line,Change_contrast,Fire,Central_line
img/IMG_2465.JPG,Thunder,Central_line,Zoom_out,Rain,Central_line
img/IMG_2474.PNG,Thunder,Thunder,Zoom_out,Lens_flare,Thunder
img/IMG_2504.JPG,Lens_flare,Lens_flare,Zoom_in,Fire,Lens_flare
img/IMG_2505.JPG,Thunder,Change_contrast,Zoom_in,Heart,Change_contrast
img/IMG_2510.JPG,Rain,Rain,Rain,Change_contrast,Rain
img/IMG_2511.JPG,Rain,Rain,Zoom_in,KiraKira,Change_contrast
img/IMG_2520.JPG,Rain,KiraKira,Rain,Zoom_in,KiraKira
img/IMG_2694.JPG,Notes,Zoom_out,Blur,Zoom_in,Change_contrast
img/IMG_2721.JPG,Blur,Zoom_out,Blur,Blur,Thunder
img/IMG_2733.JPG,Rain,Rain,Central_line,Central_line,Central_line
img/IMG_2811.JPG,KiraKira,Change_contrast,KiraKira,Thunder,KiraKira
img/IMG_2812.JPG,Central_line,Central_line,Notes,Zoom_in,Central_line
img/IMG_2813.JPG,Fire,Central_line,Lens_flare,Zoom_in,Fire
img/IMG_2824.JPG,Blur,KiraKira,Change_contrast,Comicalize,Central_line
img/IMG_2827.JPG,Rain,Rain,Rain,Blur,Lens_flare
img/IMG_3042.jpg,Zoom_out,Lens_flare,Blur,Rain,Lens_flare
img/IMG_3103.jpg,KiraKira,Change_contrast,KiraKira,Change_contrast,Central_line
img/IMG_3153.jpg,Lens_flare,Lens_flare,Zoom_out,Lens_flare,Fire
img/IMG_3292.jpg,Zoom_in,Change_contrast,KiraKira,Thunder,Central_line
img/IMG_3356.jpg,Lens_flare,Lens_flare,Zoom_out,Change_contrast,Fire
img/IMG_3367.JPG,Thunder,Thunder,Thunder,Change_contrast,Thunder
img/IMG_3368.jpg,Notes,Comicalize,Change_contrast,Blur,Notes
img/IMG_3391.jpg,KiraKira,Change_contrast,KiraKira,Comicalize,KiraKira
img/IMG_3402.jpg,KiraKira,Rain,Rain,Blur,Rain
img/IMG_3441.jpg,KiraKira,Change_contrast,KiraKira,Comicalize,KiraKira
img/IMG_7904.jpg,Fire,Fire,Central_line,Change_contrast,Notes
img/IMG_9682.jpg,Thunder,Thunder,Thunder,Fire,Thunder
img/IMG_9685.jpg,Thunder,KiraKira,Change_contrast,Zoom_out,Thunder
img/IMG_9686.jpg,Notes,KiraKira,Change_contrast,Blur,KiraKira
img/IMG_9692.jpg,Comicalize,Thunder,Zoom_out,Comicalize,Thunder
img/IMG_9817.jpg,Zoom_out,KiraKira,KiraKira,Zoom_out,Notes
img/IMG_9837.jpg,Fire,Fire,Fire,Zoom_out,Blur
img/IMG_9851.jpg,Fire,KiraKira,Fire,Fire,Notes
img/IMG_9860.jpg,Notes,KiraKira,Fire,Heart,Notes
img/IMG_9867.jpg,Rain,KiraKira,Rain,Zoom_in,Rain
img/IMG_9882.jpg,Rain,Rain,Notes,Change_contrast,Rain
img/IMG_9883.jpg,Rain,Rain,Rain,Rain,Rain
img/IMG_9915.jpg,Rain,KiraKira,Zoom_out,Zoom_out,Rain
img/IMG_9918.jpg,Rain,Rain,Rain,Central_line,Rain
img/IMG_9933.jpg,Rain,Rain,Rain,Notes,Rain
img/IMG_9939.jpg,Rain,Rain,Rain,Change_contrast,Rain
img/img_a94aadc729fe054bac458f9b766188a52783893.jpg,Zoom_out,Change_contrast,Zoom_in,Heart,Lens_flare
img/img_b032ef07525549f06b9b7b1258525974885801.jpg,Heart,Heart,Heart,Fire,Heart
img/img_b361ebc9f708fb6eb88dfd285a3b1afb113539.jpg,Zoom_in,Change_contrast,Zoom_out,Blur,Change_contrast
img/img_ba5f4c1923283ed0782a2882be96018b220095.jpg,Heart,Heart,KiraKira,Change_contrast,Heart
img/img_f80106d54974a6a9bd68d59bf567dd4b192966.jpg,Zoom_in,Change_contrast,Central_line,Comicalize,Lens_flare
img/img_fc5dfd9910ecf9b2c66053201a685aac852902.jpg,Zoom_out,Comicalize,Change_contrast,Rain,Lens_flare
img/index.jpg,Fire,Fire,Fire,Change_contrast,Fire
img/indslide25.jpg,Heart,Lens_flare,KiraKira,Comicalize,Change_contrast
img/initanada.jpg,Change_contrast,Lens_flare,Zoom_out,Comicalize,Rain
img/jfgaofiu.jpg,Lens_flare,Rain,Zoom_out,Rain,Lens_flare
img/jump-2731641_960_720.jpg,Heart,KiraKira,KiraKira,Lens_flare,KiraKira
img/jump-493889_960_720.jpg,Heart,KiraKira,Central_line,Fire,Lens_flare
img/KAZTDSCF6970_TP_V.jpg,Zoom_out,Rain,Lens_flare,KiraKira,Change_contrast
img/L8476.png,Thunder,Rain,Change_contrast,Change_contrast,Lens_flare
img/lth_w609_0001.png,Heart,Heart,Heart,Central_line,Heart
img/main2.jpg,Lens_flare,Change_contrast,Zoom_out,Zoom_out,Lens_flare
img/main_panel_190226.jpg,Heart,KiraKira,Change_contrast,Lens_flare,Heart
img/main_pic.jpg,Rain,Change_contrast,KiraKira,Comicalize,Rain
img/maxresdefault(1).jpg,Fire,Fire,Blur,Lens_flare,Fire
img/maxresdefault.jpg,KiraKira,Change_contrast,Zoom_out,Blur,Change_contrast
img/maxresdefault1.jpg,Rain,Rain,KiraKira,Zoom_in,KiraKira
img/mig.jpg,Fire,Zoom_out,Blur,Heart,Blur
img/okagaki08_01_1.jpg,Lens_flare,Lens_flare,Zoom_out,Blur,Central_line
img/ookawa201712.jpg,Central_line,Central_line,Blur,Comicalize,Comicalize
img/pexels-photo-433452.jpeg,Notes,KiraKira,Central_line,Change_contrast,Blur
img/photo-post2.jpg,Rain,Comicalize,Zoom_out,Zoom_out,Lens_flare
img/photo0000-1313.jpg,Zoom_out,Comicalize,Zoom_out,Notes,Lens_flare
img/pixta_18078177_M-680x437.jpg,Change_contrast,Lens_flare,Lens_flare,Blur,Lens_flare
img/pixta_4944248_S.jpg,Heart,Heart,Heart,Change_contrast,Heart
img/publicdomainq-0000404uiogxh.jpg,Fire,Lens_flare,Blur,Zoom_out,Central_line
img/publicdomainq-0012257xgk.jpg,Thunder,KiraKira,Blur,Rain,Comicalize
img/publicdomainq-0013777adr.jpg,Lens_flare,KiraKira,Change_contrast,Zoom_out,Lens_flare
img/publicdomainq-0019934niw.jpg,Zoom_in,Rain,Zoom_in,Blur,Change_contrast
img/qo9edr0000006zvw.jpg,Notes,KiraKira,Zoom_in,Blur,Central_line
img/qo9edr0000006zxe.jpg,Thunder,KiraKira,Notes,Blur,KiraKira
img/resize0328-640x320.jpg,Heart,KiraKira,Heart,Thunder,Heart
img/resize0329.jpg,Notes,KiraKira,Heart,Blur,Heart
img/sdafdafd.jpg,Zoom_out,Rain,Zoom_out,Fire,Lens_flare
img/shutterstock_484145824.jpg,Lens_flare,Lens_flare,Change_contrast,Blur,Lens_flare
img/shutterstock_556266496.jpg,Lens_flare,Change_contrast,Zoom_out,Lens_flare,Lens_flare
img/syyY13tT9Ra7o-0.jpg,Rain,Change_contrast,Change_contrast,Heart,Rain
img/teiban_02_kouchijo.jpg,Zoom_out,Lens_flare,Zoom_out,Lens_flare,Lens_flare
img/thumb5 (1).jpg,Rain,Rain,Change_contrast,Heart,KiraKira
img/thumb5.jpg,KiraKira,Change_contrast,Change_contrast,KiraKira,KiraKira
img/Top10_Fotor1.jpg,Zoom_out,Change_contrast,KiraKira,Change_contrast,Rain
img/top2_2288.jpg,Lens_flare,Comicalize,Rain,Notes,Central_line
img/tp_zekkei0513_12-1-670x443.jpg,Rain,Lens_flare,Change_contrast,Notes,Rain
img/w320-899.jpg,Rain,Change_contrast,Change_contrast,Zoom_out,Change_contrast
img/ダウンローチE(1).jpg,Rain,Notes,Zoom_out,Thunder,Change_contrast
img/ダウンローチE(10).jpg,KiraKira,Central_line,Fire,Blur,Lens_flare
img/ダウンローチE(11).jpg,KiraKira,KiraKira,Zoom_out,KiraKira,Central_line
img/ダウンローチE(12).jpg,KiraKira,Central_line,Change_contrast,Lens_flare,Lens_flare
img/ダウンローチE(13).jpg,Notes,KiraKira,KiraKira,Change_contrast,Zoom_in
img/ダウンローチE(14).jpg,KiraKira,KiraKira,KiraKira,Zoom_in,Zoom_in
img/ダウンローチE(15).jpg,KiraKira,KiraKira,KiraKira,KiraKira,Central_line
img/ダウンローチE(16).jpg,Notes,KiraKira,Thunder,Zoom_in,Fire
img/ダウンローチE(17).jpg,KiraKira,KiraKira,KiraKira,Fire,Comicalize
img/ダウンローチE(18).jpg,KiraKira,KiraKira,Thunder,Change_contrast,Fire
img/ダウンローチE(19).jpg,KiraKira,KiraKira,KiraKira,Zoom_in,Notes
img/ダウンローチE(2).jpg,Rain,Change_contrast,Notes,Change_contrast,Rain
img/ダウンローチE(20).jpg,Zoom_out,KiraKira,Notes,Heart,Change_contrast
img/ダウンローチE(21).jpg,KiraKira,KiraKira,Notes,Central_line,Central_line
img/ダウンローチE(22).jpg,Notes,KiraKira,Notes,Blur,Blur
img/ダウンローチE(23).jpg,Notes,KiraKira,Change_contrast,Central_line,Zoom_in
img/ダウンローチE(24).jpg,Thunder,Central_line,Central_line,Central_line,Central_line
img/ダウンローチE(25).jpg,Heart,Thunder,Zoom_out,Lens_flare,Blur
img/ダウンローチE(26).jpg,Thunder,KiraKira,Central_line,Comicalize,Central_line
img/ダウンローチE(27).jpg,Notes,Zoom_out,Change_contrast,Comicalize,Central_line
img/ダウンローチE(28).jpg,Notes,KiraKira,Rain,Thunder,Thunder
img/ダウンローチE(29).jpg,KiraKira,Zoom_in,Change_contrast,KiraKira,Rain
img/ダウンローチE(3).jpg,Heart,Fire,Central_line,Heart,Heart
img/ダウンローチE(30).jpg,Thunder,Fire,Change_contrast,Blur,Comicalize
img/ダウンローチE(31).jpg,Notes,Heart,Change_contrast,Blur,Central_line
img/ダウンローチE(32).jpg,Change_contrast,Lens_flare,Zoom_out,Fire,Lens_flare
img/ダウンローチE(33).jpg,KiraKira,Lens_flare,Zoom_in,Blur,KiraKira
img/ダウンローチE(34).jpg,Zoom_out,Lens_flare,Zoom_out,Comicalize,Change_contrast
img/ダウンローチE(35).jpg,Rain,Lens_flare,Zoom_in,Notes,KiraKira
img/ダウンローチE(36).jpg,Lens_flare,Comicalize,Change_contrast,Comicalize,Central_line
img/ダウンローチE(37).jpg,Lens_flare,Lens_flare,Comicalize,Zoom_in,Lens_flare
img/ダウンローチE(38).jpg,Rain,Comicalize,Rain,Central_line,Central_line
img/ダウンローチE(39).jpg,KiraKira,Lens_flare,Change_contrast,Blur,Rain
img/ダウンローチE(4).jpg,Heart,Change_contrast,Comicalize,Thunder,Heart
img/ダウンローチE(40).jpg,KiraKira,Change_contrast,KiraKira,Heart,Change_contrast
img/ダウンローチE(41).jpg,KiraKira,Change_contrast,KiraKira,Blur,Change_contrast
img/ダウンローチE(42).jpg,Zoom_out,Change_contrast,Lens_flare,Central_line,Change_contrast
img/ダウンローチE(43).jpg,Zoom_in,Heart,Heart,Zoom_out,Heart
img/ダウンローチE(44).jpg,Zoom_out,Heart,KiraKira,Thunder,Heart
img/ダウンローチE(45).jpg,Thunder,Thunder,Change_contrast,Thunder,Blur
img/ダウンローチE(46).jpg,Thunder,Thunder,Change_contrast,Notes,Blur
img/ダウンローチE(47).jpg,Notes,Central_line,Lens_flare,Zoom_in,Notes
img/ダウンローチE(48).jpg,Notes,Notes,Rain,Zoom_in,KiraKira
img/ダウンローチE(49).jpg,KiraKira,KiraKira,Rain,KiraKira,Central_line
img/ダウンローチE(5).jpg,KiraKira,KiraKira,Comicalize,Central_line,Heart
img/ダウンローチE(50).jpg,Central_line,Central_line,Zoom_out,Rain,Central_line
img/ダウンローチE(51).jpg,Heart,Rain,Zoom_out,Zoom_in,Central_line
img/ダウンローチE(52).jpg,KiraKira,Comicalize,Fire,Rain,Central_line
img/ダウンローチE(53).jpg,Lens_flare,Comicalize,Change_contrast,Zoom_in,Lens_flare
img/ダウンローチE(54).jpg,Heart,Heart,Zoom_in,KiraKira,Notes
img/ダウンローチE(6).jpg,KiraKira,KiraKira,Zoom_out,Central_line,Thunder
img/ダウンローチE(7).jpg,Notes,KiraKira,Change_contrast,Comicalize,Notes
img/ダウンローチE(8).jpg,Notes,Change_contrast,Blur,Central_line,KiraKira
img/ダウンローチE(9).jpg,KiraKira,Change_contrast,KiraKira,Comicalize,KiraKira
img/ダウンローチEjpg,Rain,Change_contrast,Rain,Thunder,Rain
img/愛学祭3.jpg,KiraKira,KiraKira,KiraKira,Zoom_in,Lens_flare
